id,data_criacao,par,setup,score,preco_entrada,stop,alvo,rr_ratio,status,data_encerramento,preco_final,resultado,roi_pct,duracao_horas,observacoes
20251025_230847_531484,2025-10-25T23:08:47.531726,BTC/USDT,ğŸ”¹ SETUP LEVE,7.00,111560.90000000,111178.60000000,112357.35000000,2.08,aberto,,,,,,TF: 1h | ConfluÃªncia detectada
20251025_230850_318034,2025-10-25T23:08:50.318276,ETH/USDT,ğŸ”¹ SETUP LEVE,7.00,3928.28000000,3897.94000000,3988.97000000,2.00,aberto,,,,,,TF: 1h | ConfluÃªncia detectada
20251028_113625_208283,2025-10-28T11:36:25.208509,ETH/USDT,ğŸ”¥ SETUP ALTA CONFLUÃŠNCIA,7.30,4138.68000000,4088.35000000,4239.33000000,2.00,aberto,,,,,,TF: 1h | ConfluÃªncia detectada
20251031_031951_754734,2025-10-31T03:19:51.754963,BTC/USDT,ğŸ”¹ SETUP LEVE,7.30,109688.00000000,108653.93000000,111842.31000000,2.08,aberto,,,,,,TF: 1h | ConfluÃªncia detectada
20251031_054429_666299,2025-10-31T05:44:29.666366,ETH/USDT,ğŸ”¹ SETUP LEVE,7.30,3839.46000000,3781.52000000,3955.33000000,2.00,aberto,,,,,,TF: 1h | ConfluÃªncia detectada
20251101_141001_195481,2025-11-01T14:10:01.195718,ETH/USDT,ğŸ”¹ SETUP LEVE,7.00,3880.06000000,3846.13000000,3947.92000000,2.00,aberto,,,,,,TF: 1h | ConfluÃªncia detectada
20251101_191101_518429,2025-11-01T19:11:01.518660,BTC/USDT,ğŸª BOLLINGER SQUEEZE,8.50,110015.90000000,109550.83000000,110984.80000000,2.08,aberto,,,,,,TF: 1h | ConfluÃªncia detectada
20251102_204736_067743,2025-11-02T20:47:36.067988,ETH/USDT,ğŸš€ SETUP ROMPIMENTO,7.30,3905.02000000,3870.23000000,3974.60000000,2.00,aberto,,,,,,TF: 1h | ConfluÃªncia detectada
20251105_105451_425941,2025-11-05T10:54:51.426162,ETH/USDT,ğŸ”¥ SETUP ALTA CONFLUÃŠNCIA,7.30,3371.76000000,3286.45000000,3542.37000000,2.00,aberto,,,,,,TF: 1h | ConfluÃªncia detectada
20251105_161121_810001,2025-11-05T16:11:21.810261,BTC/USDT,ğŸ”¹ SETUP LEVE,7.30,104144.40000000,103053.74000000,106416.61000000,2.08,aberto,,,,,,TF: 1h | ConfluÃªncia detectada
20251107_044816_457917,2025-11-07T04:48:16.458139,BTC/USDT,ğŸ”¹ SETUP LEVE,7.30,101912.30000000,100996.52000000,103820.17000000,2.08,aberto,,,,,,TF: 1h | ConfluÃªncia detectada
20251107_064820_854286,2025-11-07T06:48:20.854542,ETH/USDT,ğŸ”¥ SETUP ALTA CONFLUÃŠNCIA,7.30,3295.94000000,3234.29000000,3419.25000000,2.00,aberto,,,,,,TF: 1h | ConfluÃªncia detectada
20251108_113956_441789,2025-11-08T11:39:56.442045,BTC/USDT,ğŸª BOLLINGER SQUEEZE,8.80,101954.00000000,101199.30000000,103526.30000000,2.08,aberto,,,,,,TF: 1h | ConfluÃªncia detectada
20251109_051501_198258,2025-11-09T05:15:01.198496,ETH/USDT,ğŸ”¹ SETUP LEVE,7.30,3421.95000000,3381.22000000,3503.42000000,2.00,aberto,,,,,,TF: 1h | ConfluÃªncia detectada
20251110_113537_467704,2025-11-10T11:35:37.467926,ETH/USDT,ğŸ”¹ SETUP LEVE,7.30,3594.23000000,3546.11000000,3690.47000000,2.00,aberto,,,,,,TF: 1h | ConfluÃªncia detectada
20251111_032032_491526,2025-11-11T03:20:32.491729,BTC/USDT,ğŸ”¹ SETUP LEVE,7.30,105196.20000000,104296.78000000,107069.98000000,2.08,aberto,,,,,,TF: 1h | ConfluÃªncia detectada
20251112_081211_980009,2025-11-12T08:12:11.980238,ETH/USDT,ğŸ”¥ SETUP ALTA CONFLUÃŠNCIA,7.30,3564.34000000,3511.31000000,3670.40000000,2.00,aberto,,,,,,TF: 1h | ConfluÃªncia detectada
20251112_092635_163930,2025-11-12T09:26:35.164150,BTC/USDT,ğŸ”¹ SETUP LEVE,7.30,105149.10000000,104436.79000000,106633.07000000,2.08,aberto,,,,,,TF: 1h | ConfluÃªncia detectada
20251114_203904_887415,2025-11-14T20:39:04.887674,ETH/USDT,ğŸ”¥ SETUP ALTA CONFLUÃŠNCIA,7.30,3120.14000000,3023.29000000,3313.85000000,2.00,aberto,,,,,,TF: 1h | ConfluÃªncia detectada
20251116_061234_942400,2025-11-16T06:12:34.942625,BTC/USDT,ğŸ”¹ SETUP LEVE,7.30,96040.90000000,95442.84000000,97286.86000000,2.08,aberto,,,,,,TF: 1h | ConfluÃªncia detectada
20251116_084746_129835,2025-11-16T08:47:46.130093,ETH/USDT,ğŸ”¹ SETUP LEVE,7.30,3170.01000000,3120.75000000,3268.52000000,2.00,aberto,,,,,,TF: 1h | ConfluÃªncia detectada
20251117_123620_151064,2025-11-17T12:36:20.151280,BTC/USDT,ğŸ”¹ SETUP LEVE,7.30,94211.30000000,93152.29000000,96417.56000000,2.08,aberto,,,,,,TF: 1h | ConfluÃªncia detectada
20251118_184814_281341,2025-11-18T18:48:14.281578,BTC/USDT,ğŸ”¹ SETUP LEVE,7.30,92564.10000000,91523.76000000,94731.48000000,2.08,aberto,,,,,,TF: 1h | ConfluÃªncia detectada
20251119_100716_235728,2025-11-19T10:07:16.235976,ETH/USDT,ğŸ”¹ SETUP LEVE,7.30,3090.44000000,3036.09000000,3199.14000000,2.00,aberto,,,,,,TF: 1h | ConfluÃªncia detectada
20251120_031918_735357,2025-11-20T03:19:18.735631,BTC/USDT,ğŸ”¹ SETUP LEVE,7.30,92600.10000000,91632.56000000,94615.81000000,2.08,aberto,,,,,,TF: 1h | ConfluÃªncia detectada
20251122_160943_238863,2025-11-22T16:09:43.239104,BTC/USDT,ğŸ”¹ SETUP LEVE,7.30,84778.00000000,83906.06000000,86594.53000000,2.08,aberto,,,,,,TF: 1h | ConfluÃªncia detectada
20251122_194735_864967,2025-11-22T19:47:35.865196,ETH/USDT,ğŸ”¹ SETUP LEVE,7.30,2767.13000000,2722.84000000,2855.71000000,2.00,aberto,,,,,,TF: 1h | ConfluÃªncia detectada
20251124_032117_510983,2025-11-24T03:21:17.511203,BTC/USDT,ğŸ”¹ SETUP LEVE,7.30,87060.50000000,86124.07000000,89011.39000000,2.08,aberto,,,,,,TF: 1h | ConfluÃªncia detectada
20251124_032120_275408,2025-11-24T03:21:20.275647,ETH/USDT,ğŸ”¹ SETUP LEVE,7.30,2839.77000000,2785.08000000,2949.16000000,2.00,aberto,,,,,,TF: 1h | ConfluÃªncia detectada
20251125_092802_377406,2025-11-25T09:28:02.377726,ETH/USDT,ğŸ”¹ SETUP LEVE,7.30,2920.81000000,2876.20000000,3010.02000000,2.00,aberto,,,,,,TF: 1h | ConfluÃªncia detectada
20251125_115202_782490,2025-11-25T11:52:02.782709,BTC/USDT,ğŸ”¹ SETUP LEVE,7.30,86323.20000000,85546.67000000,87940.96000000,2.08,aberto,,,,,,TF: 1h | ConfluÃªncia detectada
20251126_154538_551536,2025-11-26T15:45:38.551586,ETH/USDT,ğŸ”¹ SETUP LEVE,7.30,3016.16000000,2964.26000000,3119.95000000,2.00,aberto,,,,,,TF: 1h | ConfluÃªncia detectada
20251126_181152_656869,2025-11-26T18:11:52.657094,BTC/USDT,ğŸ”¹ SETUP LEVE,7.30,89873.80000000,89041.48000000,91607.80000000,2.08,aberto,,,,,,TF: 1h | ConfluÃªncia detectada
20251128_032117_595128,2025-11-28T03:21:17.595384,BTC/USDT,ğŸ”¹ SETUP LEVE,7.00,91350.60000000,90836.71000000,92421.21000000,2.08,aberto,,,,,,TF: 1h | ConfluÃªncia detectada
20251128_061418_310246,2025-11-28T06:14:18.310490,ETH/USDT,ğŸ”¹ SETUP LEVE,7.30,3061.13000000,3025.93000000,3131.53000000,2.00,aberto,,,,,,TF: 1h | ConfluÃªncia detectada
20251129_111134_188991,2025-11-29T11:11:34.189227,BTC/USDT,ğŸ”¥ SETUP ALTA CONFLUÃŠNCIA,7.00,90695.40000000,90257.39000000,91607.93000000,2.08,aberto,,,,,,TF: 1h | ConfluÃªncia detectada
20251129_144016_371922,2025-11-29T14:40:16.372141,ETH/USDT,ğŸ”¥ SETUP ALTA CONFLUÃŠNCIA,7.30,2986.18000000,2954.92000000,3048.70000000,2.00,aberto,,,,,,TF: 1h | ConfluÃªncia detectada
20251130_171417_277542,2025-11-30T17:14:17.277775,BTC/USDT,ğŸ”¹ SETUP LEVE,7.00,91564.70000000,91134.98000000,92459.94000000,2.08,aberto,,,,,,TF: 1h | ConfluÃªncia detectada
20251130_204804_290606,2025-11-30T20:48:04.290837,ETH/USDT,ğŸ”¹ SETUP LEVE,7.30,3001.08000000,2972.73000000,3057.78000000,2.00,aberto,,,,,,TF: 1h | ConfluÃªncia detectada
20251202_032154_484796,2025-12-02T03:21:54.485032,BTC/USDT,ğŸ”¹ SETUP LEVE,7.30,86908.80000000,86097.36000000,88599.30000000,2.08,aberto,,,,,,TF: 1h | ConfluÃªncia detectada
20251202_092848_407797,2025-12-02T09:28:48.408017,ETH/USDT,ğŸ”¹ SETUP LEVE,7.30,2822.23000000,2786.27000000,2894.15000000,2.00,aberto,,,,,,TF: 1h | ConfluÃªncia detectada
20251203_092758_294845,2025-12-03T09:27:58.295119,BTC/USDT,ğŸ”¥ SETUP ALTA CONFLUÃŠNCIA,7.30,92771.90000000,91963.62000000,94455.82000000,2.08,aberto,,,,,,TF: 1h | ConfluÃªncia detectada
20251203_155227_908900,2025-12-03T15:52:27.909147,ETH/USDT,ğŸ”¹ SETUP LEVE,7.30,3125.43000000,3072.91000000,3230.48000000,2.00,aberto,,,,,,TF: 1h | ConfluÃªncia detectada
20251204_161339_887980,2025-12-04T16:13:39.888208,BTC/USDT,ğŸ”¥ SETUP ALTA CONFLUÃŠNCIA,7.30,91496.50000000,90620.94000000,93320.59000000,2.08,aberto,,,,,,TF: 1h | ConfluÃªncia detectada
20251205_032120_239883,2025-12-05T03:21:20.240100,ETH/USDT,ğŸ”¹ SETUP LEVE,7.30,3162.58000000,3113.98000000,3259.77000000,2.00,aberto,,,,,,TF: 1h | ConfluÃªncia detectada
20251206_055424_170363,2025-12-06T05:54:24.170695,BTC/USDT,ğŸ”¥ SETUP ALTA CONFLUÃŠNCIA,7.30,89300.00000000,88674.39000000,90603.36000000,2.08,aberto,,,,,,TF: 1h | ConfluÃªncia detectada
20251206_114805_649024,2025-12-06T11:48:05.649242,ETH/USDT,ğŸ”¥ SETUP ALTA CONFLUÃŠNCIA,7.30,3057.12000000,3021.68000000,3127.99000000,2.00,aberto,,,,,,TF: 1h | ConfluÃªncia detectada
20251207_174821_307830,2025-12-07T17:48:21.307875,ETH/USDT,ğŸ”¹ SETUP LEVE,7.30,3141.58000000,3090.86000000,3243.02000000,2.00,aberto,,,,,,TF: 1h | ConfluÃªncia detectada
20251209_044055_404487,2025-12-09T04:40:55.404700,BTC/USDT,ğŸ”¹ SETUP LEVE,7.30,90498.50000000,89750.87000000,92056.07000000,2.08,aberto,,,,,,TF: 1h | ConfluÃªncia detectada
20251209_084836_834539,2025-12-09T08:48:36.834759,ETH/USDT,ğŸ” SETUP REVERSÃƒO TÃ‰CNICA,7.30,3111.03000000,3071.75000000,3189.59000000,2.00,aberto,,,,,,TF: 1h | ConfluÃªncia detectada
20251210_104916_859183,2025-12-10T10:49:16.859477,BTC/USDT,ğŸ”¹ SETUP LEVE,7.30,92044.20000000,91369.67000000,93449.46000000,2.08,aberto,,,,,,TF: 1h | ConfluÃªncia detectada
20251210_145447_154410,2025-12-10T14:54:47.154641,ETH/USDT,ğŸ”¥ SETUP ALTA CONFLUÃŠNCIA,7.30,3371.66000000,3323.09000000,3468.79000000,2.00,aberto,,,,,,TF: 1h | ConfluÃªncia detectada
20251211_181525_273715,2025-12-11T18:15:25.273954,BTC/USDT,ğŸ”¥ SETUP ALTA CONFLUÃŠNCIA,7.30,92570.80000000,91662.53000000,94463.02000000,2.08,aberto,,,,,,TF: 1h | ConfluÃªncia detectada
20251212_032215_973243,2025-12-12T03:22:15.973464,ETH/USDT,ğŸ”¥ SETUP ALTA CONFLUÃŠNCIA,7.30,3263.68000000,3212.26000000,3366.52000000,2.00,aberto,,,,,,TF: 1h | ConfluÃªncia detectada
20251213_031930_930496,2025-12-13T03:19:30.930731,BTC/USDT,ğŸ”¥ SETUP ALTA CONFLUÃŠNCIA,7.30,90270.90000000,89760.40000000,91334.44000000,2.08,aberto,,,,,,TF: 1h | ConfluÃªncia detectada
20251214_032000_842836,2025-12-14T03:20:00.843111,ETH/USDT,ğŸ”¹ SETUP LEVE,7.00,3113.07000000,3089.72000000,3159.77000000,2.00,aberto,,,,,,TF: 1h | ConfluÃªncia detectada
20251216_032222_556578,2025-12-16T03:22:22.556814,BTC/USDT,ğŸ“ˆ DIVERGÃŠNCIA RSI BULLISH,8.30,86349.90000000,85636.70000000,87835.74000000,2.08,aberto,,,,,,TF: 1h | ConfluÃªncia detectada
20251217_111511_264329,2025-12-17T11:15:11.264566,BTC/USDT,ğŸ”¹ SETUP LEVE,7.30,87639.10000000,86950.73000000,89073.20000000,2.08,aberto,,,,,,TF: 1h | ConfluÃªncia detectada
20251217_115801_238863,2025-12-17T11:58:01.239170,ETH/USDT,ğŸš€ SETUP ROMPIMENTO,7.80,2977.43000000,2931.07000000,3070.15000000,2.00,aberto,,,,,,TF: 1h | ConfluÃªncia detectada
20251219_032123_900890,2025-12-19T03:21:23.901181,BTC/USDT,ğŸ”¥ SETUP ALTA CONFLUÃŠNCIA,7.30,86969.90000000,85991.58000000,89008.06000000,2.08,aberto,,,,,,TF: 1h | ConfluÃªncia detectada
20251220_032044_920719,2025-12-20T03:20:44.920957,ETH/USDT,ğŸ”¹ SETUP LEVE,7.30,2984.75000000,2949.25000000,3055.74000000,2.00,aberto,,,,,,TF: 1h | ConfluÃªncia detectada
20251220_092405_347768,2025-12-20T09:24:05.348012,BTC/USDT,ğŸ”¹ SETUP LEVE,7.30,88226.10000000,87753.25000000,89211.20000000,2.08,aberto,,,,,,TF: 1h | ConfluÃªncia detectada
20251221_092425_105797,2025-12-21T09:24:25.106041,ETH/USDT,ğŸ”¹ SETUP LEVE,7.00,3001.77000000,2982.80000000,3039.70000000,2.00,aberto,,,,,,TF: 1h | ConfluÃªncia detectada
20251221_154713_498543,2025-12-21T15:47:13.498765,BTC/USDT,ğŸ”¹ SETUP LEVE,7.00,88306.10000000,87868.60000000,89217.56000000,2.08,aberto,,,,,,TF: 1h | ConfluÃªncia detectada
20251222_155124_889049,2025-12-22T15:51:24.889266,ETH/USDT,ğŸ”¹ SETUP LEVE,7.30,3025.60000000,2989.16000000,3098.48000000,2.00,aberto,,,,,,TF: 1h | ConfluÃªncia detectada
20251223_035452_190539,2025-12-23T03:54:52.190759,BTC/USDT,ğŸ”¹ SETUP LEVE,7.30,87491.60000000,86834.81000000,88859.92000000,2.08,aberto,,,,,,TF: 1h | ConfluÃªncia detectada
20251224_115147_112272,2025-12-24T11:51:47.112492,BTC/USDT,ğŸ”¹ SETUP LEVE,7.30,87168.90000000,86591.52000000,88371.79000000,2.08,aberto,,,,,,TF: 1h | ConfluÃªncia detectada
20251224_115149_806229,2025-12-24T11:51:49.806451,ETH/USDT,ğŸ”¹ SETUP LEVE,7.30,2919.94000000,2884.38000000,2991.06000000,2.00,aberto,,,,,,TF: 1h | ConfluÃªncia detectada
20251225_175207_192643,2025-12-25T17:52:07.192889,BTC/USDT,ğŸ”¹ SETUP LEVE,7.00,87877.90000000,87492.99000000,88679.80000000,2.08,aberto,,,,,,TF: 1h | ConfluÃªncia detectada
20251225_175209_937256,2025-12-25T17:52:09.937529,ETH/USDT,ğŸ”¹ SETUP LEVE,7.00,2950.73000000,2927.58000000,2997.03000000,2.00,aberto,,,,,,TF: 1h | ConfluÃªncia detectada
20251227_032033_988960,2025-12-27T03:20:33.989199,BTC/USDT,ğŸ”¹ SETUP LEVE,7.30,87452.10000000,87067.05000000,88254.29000000,2.08,aberto,,,,,,TF: 1h | ConfluÃªncia detectada
20251227_051749_862640,2025-12-27T05:17:49.862873,ETH/USDT,ğŸª BOLLINGER SQUEEZE,8.50,2934.74000000,2915.89000000,2972.45000000,2.00,aberto,,,,,,TF: 1h | ConfluÃªncia detectada
20251228_092531_494255,2025-12-28T09:25:31.494492,BTC/USDT,ğŸ”¹ SETUP LEVE,7.00,87854.50000000,87641.19000000,88298.90000000,2.08,aberto,,,,,,TF: 1h | ConfluÃªncia detectada
20251230_092801_146707,2025-12-30T09:28:01.146952,ETH/USDT,ğŸ”¥ SETUP ALTA CONFLUÃŠNCIA,7.30,2983.35000000,2954.83000000,3040.39000000,2.00,aberto,,,,,,TF: 1h | ConfluÃªncia detectada
20251231_032218_391740,2025-12-31T03:22:18.391981,BTC/USDT,ğŸ”¥ SETUP ALTA CONFLUÃŠNCIA,7.30,88531.60000000,88083.80000000,89464.53000000,2.08,aberto,,,,,,TF: 1h | ConfluÃªncia detectada
20251231_154931_607853,2025-12-31T15:49:31.608093,ETH/USDT,ğŸ”¹ SETUP LEVE,7.30,2973.90000000,2945.53000000,3030.65000000,2.00,aberto,,,,,,TF: 1h | ConfluÃªncia detectada
20260101_111409_329432,2026-01-01T11:14:09.329657,BTC/USDT,ğŸª BOLLINGER SQUEEZE,8.50,87957.10000000,87686.19000000,88521.50000000,2.08,aberto,,,,,,TF: 1h | ConfluÃªncia detectada
20260103_092459_216154,2026-01-03T09:24:59.216370,ETH/USDT,ğŸ” SETUP REVERSÃƒO TÃ‰CNICA,7.30,3099.70000000,3072.97000000,3153.15000000,2.00,aberto,,,,,,TF: 1h | ConfluÃªncia detectada
20260104_154901_026617,2026-01-04T15:49:01.026860,ETH/USDT,ğŸ”¹ SETUP LEVE,7.30,3132.00000000,3111.39000000,3173.22000000,2.00,aberto,,,,,,TF: 1h | ConfluÃªncia detectada
20260106_032231_705048,2026-01-06T03:22:31.705271,ETH/USDT,ğŸ”¹ SETUP LEVE,7.30,3219.76000000,3186.00000000,3287.27000000,2.00,aberto,,,,,,TF: 1h | ConfluÃªncia detectada
20260106_155157_283075,2026-01-06T15:51:57.283299,BTC/USDT,ğŸ”¥ SETUP ALTA CONFLUÃŠNCIA,7.80,92168.20000000,91437.46000000,93690.57000000,2.08,aberto,,,,,,TF: 1h | ConfluÃªncia detectada
20260107_111729_911324,2026-01-07T11:17:29.911541,ETH/USDT,ğŸ”¥ SETUP ALTA CONFLUÃŠNCIA,7.30,3196.99000000,3158.66000000,3273.64000000,2.00,aberto,,,,,,TF: 1h | ConfluÃªncia detectada
20260108_181520_309027,2026-01-08T18:15:20.309281,ETH/USDT,ğŸ”¥ SETUP ALTA CONFLUÃŠNCIA,7.30,3113.56000000,3073.55000000,3193.58000000,2.00,aberto,,,,,,TF: 1h | ConfluÃªncia detectada
20260109_104945_319664,2026-01-09T10:49:45.319905,BTC/USDT,ğŸ”¹ SETUP LEVE,7.30,90494.70000000,89932.15000000,91666.67000000,2.08,aberto,,,,,,TF: 1h | ConfluÃªncia detectada
20260110_115027_994796,2026-01-10T11:50:27.995008,ETH/USDT,ğŸª BOLLINGER SQUEEZE,8.50,3091.23000000,3070.01000000,3133.68000000,2.00,aberto,,,,,,TF: 1h | ConfluÃªncia detectada
20260110_175110_906883,2026-01-10T17:51:10.907094,BTC/USDT,ğŸª BOLLINGER SQUEEZE,8.50,90557.30000000,90291.98000000,91110.06000000,2.08,aberto,,,,,,TF: 1h | ConfluÃªncia detectada
20260113_032233_242658,2026-01-13T03:22:33.242889,ETH/USDT,ğŸ”¹ SETUP LEVE,7.30,3129.91000000,3099.19000000,3191.35000000,2.00,aberto,,,,,,TF: 1h | ConfluÃªncia detectada
20260113_092959_783524,2026-01-13T09:29:59.783771,BTC/USDT,ğŸ”¹ SETUP LEVE,7.30,92074.30000000,91543.02000000,93181.13000000,2.08,aberto,,,,,,TF: 1h | ConfluÃªncia detectada
20260114_092929_000962,2026-01-14T09:29:29.001183,ETH/USDT,ğŸ”¥ SETUP ALTA CONFLUÃŠNCIA,7.80,3293.91000000,3254.04000000,3373.65000000,2.00,aberto,,,,,,TF: 1h | ConfluÃªncia detectada
20260114_155530_846943,2026-01-14T15:55:30.847155,BTC/USDT,ğŸŒŸ CONFLUÃŠNCIA TIMEFRAMES,10.00,96825.60000000,95989.79000000,98566.87000000,2.08,aberto,,,,,,TF: 1h | ConfluÃªncia detectada
20260115_160030_488481,2026-01-15T16:00:30.488693,ETH/USDT,ğŸ”¥ SETUP ALTA CONFLUÃŠNCIA,7.30,3286.87000000,3240.16000000,3380.28000000,2.00,aberto,,,,,,TF: 1h | ConfluÃªncia detectada
20260116_041919_427868,2026-01-16T04:19:19.428099,BTC/USDT,ğŸ”¥ SETUP ALTA CONFLUÃŠNCIA,7.30,95678.00000000,95107.04000000,96867.50000000,2.08,aberto,,,,,,TF: 1h | ConfluÃªncia detectada
20260117_071407_292479,2026-01-17T07:14:07.292689,ETH/USDT,ğŸ”¹ SETUP LEVE,7.00,3300.09000000,3280.88000000,3338.51000000,2.00,aberto,,,,,,TF: 1h | ConfluÃªncia detectada
20260117_103846_659881,2026-01-17T10:38:46.660113,BTC/USDT,ğŸ”¥ SETUP ALTA CONFLUÃŠNCIA,7.00,95320.10000000,95000.91000000,95985.09000000,2.08,aberto,,,,,,TF: 1h | ConfluÃªncia detectada
20260118_131549_252247,2026-01-18T13:15:49.252543,ETH/USDT,ğŸ”¹ SETUP LEVE,7.00,3334.84000000,3317.28000000,3369.97000000,2.00,aberto,,,,,,TF: 1h | ConfluÃªncia detectada
20260118_164802_240353,2026-01-18T16:48:02.240591,BTC/USDT,ğŸ”¥ SETUP ALTA CONFLUÃŠNCIA,7.00,95350.20000000,95111.82000000,95846.83000000,2.08,aberto,,,,,,TF: 1h | ConfluÃªncia detectada
20260119_203327_445315,2026-01-19T20:33:27.445529,ETH/USDT,ğŸ”¹ SETUP LEVE,7.30,3194.17000000,3166.97000000,3248.58000000,2.00,aberto,,,,,,TF: 1h | ConfluÃªncia detectada
20260121_040015_720722,2026-01-21T04:00:15.720945,ETH/USDT,ğŸ”¥ SETUP ALTA CONFLUÃŠNCIA,7.30,2979.68000000,2941.55000000,3055.94000000,2.00,aberto,,,,,,TF: 1h | ConfluÃªncia detectada
20260121_093137_879687,2026-01-21T09:31:37.879959,BTC/USDT,ğŸ”¥ SETUP ALTA CONFLUÃŠNCIA,7.30,88313.80000000,87646.51000000,89703.98000000,2.08,aberto,,,,,,TF: 1h | ConfluÃªncia detectada
20260122_103219_534621,2026-01-22T10:32:19.534845,ETH/USDT,ğŸ”¹ SETUP LEVE,7.30,2995.35000000,2950.47000000,3085.11000000,2.00,aberto,,,,,,TF: 1h | ConfluÃªncia detectada
20260123_044508_316522,2026-01-23T04:45:08.316746,BTC/USDT,ğŸ”¹ SETUP LEVE,7.30,89589.80000000,89052.27000000,90709.65000000,2.08,aberto,,,,,,TF: 1h | ConfluÃªncia detectada
20260123_164014_076224,2026-01-23T16:40:14.076461,ETH/USDT,âš™ï¸ SETUP INTERMEDIÃRIO,7.30,2953.37000000,2905.72000000,3048.68000000,2.00,aberto,,,,,,TF: 1h | ConfluÃªncia detectada
20260124_111310_269844,2026-01-24T11:13:10.270095,BTC/USDT,ğŸª BOLLINGER SQUEEZE,8.80,89466.10000000,89114.81000000,90197.95000000,2.08,aberto,,,,,,TF: 1h | ConfluÃªncia detectada
20260126_194535_958274,2026-01-26T19:45:35.958492,ETH/USDT,ğŸ”¹ SETUP LEVE,7.30,2927.16000000,2883.33000000,3014.81000000,2.00,aberto,,,,,,TF: 1h | ConfluÃªncia detectada
20260127_032409_058897,2026-01-27T03:24:09.059158,BTC/USDT,ğŸ”¹ SETUP LEVE,7.30,88489.00000000,87930.23000000,89653.11000000,2.08,aberto,,,,,,TF: 1h | ConfluÃªncia detectada
20260128_032550_349945,2026-01-28T03:25:50.350159,ETH/USDT,ğŸ”¹ SETUP LEVE,7.30,3013.20000000,2977.75000000,3084.09000000,2.00,aberto,,,,,,TF: 1h | ConfluÃªncia detectada
20260128_093204_538740,2026-01-28T09:32:04.538952,BTC/USDT,ğŸ”¥ SETUP ALTA CONFLUÃŠNCIA,7.30,89929.00000000,89350.68000000,91133.84000000,2.08,aberto,,,,,,TF: 1h | ConfluÃªncia detectada
20260130_182059_242428,2026-01-30T18:20:59.242689,ETH/USDT,ğŸ”¥ SETUP ALTA CONFLUÃŠNCIA,7.30,2712.01000000,2647.77000000,2840.49000000,2.00,aberto,,,,,,TF: 1h | ConfluÃªncia detectada
20260131_032806_016451,2026-01-31T03:28:06.016689,BTC/USDT,ğŸ”¹ SETUP LEVE,7.30,83654.10000000,82926.78000000,85169.34000000,2.08,aberto,,,,,,TF: 1h | ConfluÃªncia detectada
20260201_034000_126491,2026-02-01T03:40:00.126729,ETH/USDT,ğŸ”¥ SETUP ALTA CONFLUÃŠNCIA,7.30,2415.86000000,2354.23000000,2539.12000000,2.00,aberto,,,,,,TF: 1h | ConfluÃªncia detectada
20260201_112717_051012,2026-02-01T11:27:17.051241,BTC/USDT,ğŸ”¥ SETUP ALTA CONFLUÃŠNCIA,7.30,77989.20000000,77082.44000000,79878.28000000,2.08,aberto,,,,,,TF: 1h | ConfluÃªncia detectada
20260202_113647_920022,2026-02-02T11:36:47.920247,ETH/USDT,ğŸš€ SETUP ROMPIMENTO,7.80,2349.11000000,2272.31000000,2502.72000000,2.00,aberto,,,,,,TF: 1h | ConfluÃªncia detectada
20260202_202052_549125,2026-02-02T20:20:52.549363,BTC/USDT,ğŸ”¹ SETUP LEVE,7.30,78727.10000000,77758.02000000,80746.02000000,2.08,aberto,,,,,,TF: 1h | ConfluÃªncia detectada
20260204_064943_020112,2026-02-04T06:49:43.020357,BTC/USDT,ğŸ”¥ SETUP ALTA CONFLUÃŠNCIA,7.30,76196.00000000,75198.66000000,78273.78000000,2.08,aberto,,,,,,TF: 1h | ConfluÃªncia detectada
20260206_113618_644274,2026-02-06T11:36:18.644499,ETH/USDT,ğŸ”¥ SETUP ALTA CONFLUÃŠNCIA,7.30,1979.15000000,1902.41000000,2132.62000000,2.00,aberto,,,,,,TF: 1h | ConfluÃªncia detectada
20260206_191516_683750,2026-02-06T19:15:16.683996,BTC/USDT,ğŸ”¹ SETUP LEVE,7.30,70460.00000000,68858.35000000,73796.76000000,2.08,aberto,,,,,,TF: 1h | ConfluÃªncia detectada
20260208_045435_249369,2026-02-08T04:54:35.249618,BTC/USDT,ğŸª BOLLINGER SQUEEZE,8.50,69631.90000000,68826.87000000,71309.04000000,2.08,aberto,,,,,,TF: 1h | ConfluÃªncia detectada
20260209_153712_012827,2026-02-09T15:37:12.013069,ETH/USDT,ğŸ”¹ SETUP LEVE,7.30,2127.24000000,2077.54000000,2226.65000000,2.00,aberto,,,,,,TF: 1h | ConfluÃªncia detectada
20260209_165137_390520,2026-02-09T16:51:37.390743,BTC/USDT,ğŸ”¹ SETUP LEVE,7.30,70990.10000000,69964.13000000,73127.54000000,2.08,aberto,,,,,,TF: 1h | ConfluÃªncia detectada
20260212_105850_407392,2026-02-12T10:58:50.407624,BTC/USDT,ğŸ”¹ SETUP LEVE,7.30,68345.50000000,67587.16000000,69925.37000000,2.08,aberto,,,,,,TF: 1h | ConfluÃªncia detectada
20260212_105853_135329,2026-02-12T10:58:53.135568,ETH/USDT,ğŸ”¹ SETUP LEVE,7.00,1994.33000000,1961.66000000,2059.67000000,2.00,aberto,,,,,,TF: 1h | ConfluÃªncia detectada
20260215_034059_421282,2026-02-15T03:40:59.421524,BTC/USDT,ğŸ”¹ SETUP LEVE,7.50,70400.10000000,69869.07000000,71506.42000000,2.08,aberto,,,,,,TF: 1h | ConfluÃªncia detectada
20260215_034114_129690,2026-02-15T03:41:14.129906,ETH/USDT,ğŸ”¹ SETUP LEVE,7.30,2090.35000000,2062.85000000,2145.35000000,2.00,aberto,,,,,,TF: 1h | ConfluÃªncia detectada
